municipio,ano,num_cons_residencial,kWh_residencial,num_cons_comercial,kWh_comercial,num_cons_rural,kWh_rural,num_cons_industrial,kWh_industrial,num_cons_iluminacao_publica,kWh_iluminacao_publica,num_cons_poder_publico,kWh_poder_publico,num_cons_servico_publico,kWh_servico_publico,num_cons_consumo_proprio,kWh_consumo_proprio,num_cons_total,kWh_total
Alambari,2020,2383,4520810,70,1026813,152,2211104,16,1242744,4,747088,35,177462,14,395762,1,12870,2675,10334653
Alumínio,2020,5470,11777916,184,5306761,5,23139,14,3504965843,11,1390608,53,905829,16,1504254,0,0,5753,3525874350
Araçariguama,2020,8200,18970485,360,16822214,30,219374,93,68732722,10,1969104,73,1043129,14,1795899,3,39930,8783,109592837
Araçoiaba da Serra,2020,20238,47999418,511,9305852,371,5558777,43,6333533,22,4479675,107,729693,22,4014999,1,3806,21315,78425753
Boituva,2020,28247,67673599,948,18859640,406,26354783,188,172530731,68,6085299,152,1287590,20,5099504,6,116737,30035,298007883
Capela do Alto,2020,8844,16923642,239,2717339,245,6359168,26,1912422,24,2123259,66,1841186,25,2611277,0,0,9469,34488293
Cerquilho,2020,17554,38104175,1476,14686884,497,5025053,273,101246177,38,5187874,113,1491438,15,4473579,1,48520,19967,170263700
Cesário Lange,2020,6570,12569828,664,14341646,937,8675835,76,14854398,23,1419762,80,610766,29,2951441,1,58520,8380,55482196
Ibiúna,2020,17728,39660067,948,17831122,462,8620301,49,26772476,9,2848588,97,1124189,25,121812260,4,56262,19322,218725265
Iperó,2020,11030,23453185,248,6446351,182,1615435,68,22493439,7,2139547,136,14253193,31,2478931,0,0,11702,72862081
Itapetininga,2020,59938,125542230,2784,43117353,1883,27304088,206,271899223,2,13435122,395,5588889,64,15416427,13,177046,65285,480280378
Itu,2020,67259,192258359,3667,95828009,378,15719774,375,268859415,125,12084101,393,7499269,102,16332261,4,175701,72303,608756889
Jumirim,2020,1064,2173885,61,558724,233,4562194,34,15584886,8,331232,24,318032,8,405721,0,0,1432,23934674
Mairinque,2020,19940,47029810,592,7698653,100,1520017,64,76139023,10,3971536,104,1008957,31,3744569,1,32847,20842,141145412
Piedade,2020,18047,33475458,1673,13447421,5552,36338600,101,5708896,15,2130880,157,906742,31,3784639,2,102791,25578,95895427
Pilar do Sul,2020,11061,19508147,939,8655568,1472,8604794,70,2309223,23,1717984,86,648300,25,1498268,2,38082,13678,43580366
Porto Feliz,2020,20929,64487460,1054,24906595,1341,18777485,106,106528940,37,4224825,205,2815741,30,4158906,4,142978,23706,226052930
Salto,2020,54009,133511740,2190,44307724,121,2041033,334,392115967,138,9800988,191,2824923,52,12420554,6,186864,57041,597209793
Salto de Pirapora,2020,19081,38434921,463,9087011,169,1776952,51,336444587,21,3728227,142,1109139,28,4581681,1,2993,19956,395165511
São Miguel Arcanjo,2020,10114,18226229,547,5327187,2404,13332778,55,2057516,18,2454820,126,657798,29,2124023,5,16479,13298,44196830
São Roque,2020,33887,84242969,1447,40474974,411,4773359,155,77780307,40,10802412,209,2465272,61,9781819,4,84698,36194,230405810
Sarapuí,2020,4465,7679503,152,1360913,559,5694250,21,4493194,1,1311275,48,254121,17,1148634,3,21163,5266,21963053
Sorocaba,2020,294518,705741284,13172,382842601,285,5148026,1151,754309223,380,50662650,1031,24017592,135,52254596,26,776696,310698,1975752668
Tapiraí,2020,3053,5121759,231,2127206,511,2251899,23,867637,4,645722,49,229713,14,473311,3,8998,3888,11726245
Tatuí,2020,48548,99278474,3759,56408524,1957,20323074,351,184603695,72,8266184,257,2598847,55,14435705,4,179280,55003,386093831
Tietê,2020,14565,32614885,1524,15329279,889,17723985,315,82780759,45,4234273,118,1063238,47,6442654,1,11328,17504,160200401
Votorantim,2020,48575,110902752,1822,39591538,30,376008,131,302131507,75,10620459,225,4359188,48,11832644,5,142437,50911,476356533
Americana,2020,106792,257338382,7540,128686139,27,253272,1089,521295545,117,20265928,419,8472626,70,26774900,12,329322,116066,963416114
Campinas,2020,462811,1165921053,34322,990086334,854,16967899,1760,525948142,133,96071575,2091,114348221,199,91785639,44,8539935,502214,3009668798
Cosmópolis,2020,23987,52206862,977,12154891,158,1995532,88,71976215,21,4675704,149,1443660,10,4967775,1,43775,25391,149464414
Elias Fausto,2020,6116,14530478,213,4386750,361,5231356,63,59419623,5,1398285,74,721470,20,1697874,1,16128,6853,87401964
Holambra,2020,4055,12129184,689,8909446,689,42461735,27,12869421,46,2896406,78,853750,12,2048191,2,4521,5598,82172654
Hortolândia,2020,87953,199257864,2908,201215437,33,523373,311,150297061,155,14141783,256,6712190,24,10784856,3,102777,91643,583035341
Indaiatuba,2020,102277,283839664,4921,146962377,631,10908575,852,352950626,383,27944112,471,8345621,77,35318776,11,322219,109623,867191970
Jaguariúna,2020,23126,61680340,1636,41665693,354,4702399,219,255215870,30,9045341,166,2699084,47,8986428,8,253202,25586,384248357
Monte Mor,2020,25828,53838473,689,14407371,351,7746137,121,85877424,22,5896627,126,1404819,41,4358480,3,36131,27181,176565462
Nova Odessa,2020,25809,60284015,1202,31676561,79,1241719,310,46505,17,7303966,197,3587598,14,5018216,2,109480,27630,109268060
Paulínia,2020,42629,118769359,2341,91412249,214,2783820,235,917943652,16,13380530,299,12265707,53,43673453,3,100961,45692,1200329731
Pedreira,2020,17318,42909160,1255,18844320,147,2527905,373,137434187,14,3712736,169,1145213,50,6057432,2,36059,19328,212667012
Alambari,2021,2486,4708472,70,865004,146,2438384,18,1329139,7,755817,36,238223,14,409791,1,10174,2778,10755004
Alumínio,2021,5490,11855881,184,6092886,5,23171,15,4100497729,9,1387712,54,903632,16,1505865,0,0,5773,4122266876
Araçariguama,2021,8573,19856883,337,18706784,29,220080,94,529805680,8,1969339,78,1420688,15,1879928,3,35426,9137,573894808
Araçoiaba da Serra,2021,20952,48697524,509,10066859,372,5966306,48,7477779,18,4510556,118,789099,25,4443085,1,5144,22043,81926352
Boituva,2021,29630,72339931,946,19416320,390,27723947,182,163197449,51,6065038,169,1523831,20,5411765,6,80056,31394,295758337
Capela do Alto,2021,9172,17433582,224,2619298,234,6591837,28,2473855,19,2108454,65,1997853,25,2700638,0,0,9767,35925517
Cerquilho,2021,17983,38943957,1514,16397352,506,4981212,278,106802633,38,5155691,116,1409945,15,4347956,1,48960,20451,178087706
Cesário Lange,2021,6817,12608692,675,7954540,938,8383298,78,18461644,23,1433053,86,709210,30,3108590,1,59780,8648,52718807
Ibiúna,2021,17997,40965640,933,18448794,449,97062572,47,30177374,6,2755036,98,1247396,25,180821147,3,47513,19558,371525472
Iperó,2021,11664,24484392,244,7181364,177,1665076,69,32584648,5,2052478,135,14934949,32,2589301,0,0,12326,85492208
Itapetininga,2021,62317,129179440,2680,45817625,1842,26880359,202,332168471,2,12202658,405,6213122,68,17205285,11,161170,67527,569828130
Itu,2021,68963,194005693,3620,101965999,372,68560122,374,282899639,100,11658685,394,7922487,99,13130313,4,167025,73926,680309963
Jumirim,2021,1080,2233807,66,584619,236,4945906,36,18028398,8,322720,27,322595,8,375598,0,0,1461,26813543
Mairinque,2021,20335,47455143,546,8248828,94,1301055,68,79139368,8,3901073,106,1016834,37,4648084,1,30844,21195,145741229
Piedade,2021,18634,33156316,1730,14118309,5449,34867328,102,6687123,15,2594326,159,963881,33,4034033,2,92543,26124,96513859
Pilar do Sul,2021,11296,19495611,962,9159911,1447,8253168,71,3817068,22,1713298,84,677856,26,1473961,2,36506,13910,44627379
Porto Feliz,2021,21675,68301159,1075,28501159,1311,20040085,101,124243491,49,4322820,208,3333579,33,4292952,4,137121,24456,253172366
Salto,2021,55648,137137519,2146,49230420,120,2096297,342,430116507,138,9838029,191,2907767,53,12255445,6,177935,58644,643759919
Salto de Pirapora,2021,19714,39256443,466,10341831,164,1847752,52,350941292,18,3688449,141,1250194,26,4378671,1,3192,20582,411707824
São Miguel Arcanjo,2021,10489,18784070,527,5276674,2365,12385019,54,2441327,27,2508712,126,703731,30,2458785,5,16542,13623,44574860
São Roque,2021,34880,86721520,1395,43155110,399,4834709,159,54864189,35,10654131,232,2292024,60,9349855,4,93818,37164,211965356
Sarapuí,2021,4645,7937269,149,1416508,546,5728128,20,6107512,1,1302036,47,256084,17,1299698,3,17437,5428,24064672
Sorocaba,2021,304273,728579565,13056,409331957,280,5567866,1166,907336401,320,50280151,997,25471946,133,55912723,28,761105,320253,2183241714
Tapiraí,2021,3100,5249264,242,2349239,498,2423974,24,787485,4,654843,52,241357,15,480016,3,29588,3938,12215766
Tatuí,2021,50526,100829666,3812,62166050,1941,20184848,354,203743469,75,8519118,258,3097349,54,14916856,4,176580,57024,413633936
Tietê,2021,14766,32164282,1569,16398095,869,17790643,314,90625775,45,4271156,122,1078570,51,6754320,1,14928,17737,169097769
Votorantim,2021,50010,113973023,1820,39385069,27,258398,127,343950575,76,10599035,217,4869057,48,11779217,5,149436,52330,524963810
Americana,2021,109160,263504974,7359,132310763,25,233949,1010,604673287,112,18937159,429,8907059,69,30377679,13,343286,118177,1059288156
Campinas,2021,471430,1174429673,33519,1037038860,822,120477730,1776,602081005,125,100317389,2080,116131300,203,94368726,45,9213578,510000,3254058261
Cosmópolis,2021,24004,52257824,973,12477342,121,1437221,82,75333817,16,4681279,149,1564563,10,5260973,1,57441,25356,153070460
Elias Fausto,2021,6257,15223529,204,4384666,345,5147502,60,64957908,3,1391788,79,748773,21,2152847,1,15855,6970,94022868
Holambra,2021,85,277756,1,5041,0,0,0,0,2,19861,3,3206,2,403093,0,0,93,708957
Hortolândia,2021,90600,204682581,2955,222837624,32,553227,297,172337634,151,9360296,264,7062332,25,11856174,3,117448,94327,628807316
Indaiatuba,2021,106472,297590405,4821,157509814,626,11064639,865,413132804,351,28088467,476,9367956,79,38620261,12,302300,113702,955676646
Jaguariúna,2021,23809,62708928,1541,41829936,271,3600253,196,272579371,26,8863444,166,2920921,46,10017359,6,215504,26061,402735716
Monte Mor,2021,27077,59075187,699,15717822,335,7208708,112,95306744,18,5881664,129,1518307,39,4798975,3,53130,28412,189560537
Nova Odessa,2021,26798,62663691,1156,33355308,74,1261884,298,304315638,20,7393514,201,3864691,15,6215036,2,108004,28564,419177766
Paulínia,2021,44563,121927375,2377,115039019,111,2580336,222,992032993,13,13412951,294,13528848,55,48008044,3,107755,47638,1306637321
Pedreira,2021,17802,43192178,1192,18482799,140,2296494,377,130238110,12,3562447,190,1577261,43,6223916,2,28863,19758,205602068
Alambari,2022,2595,4753006,96,1231719,121,2139827,17,1275500,8,772297,37,314017,14,384919,1,10917,2889,10882202
Alumínio,2022,5533,11857248,183,5657157,5,21412,15,4833375709,8,1367348,56,1096154,16,1439167,0,0,5816,4854814195
Araçariguama,2022,8948,20227795,335,19307092,29,194508,93,499083943,11,1980065,88,1641736,15,1951582,3,41939,9522,544428660
Araçoiaba da Serra,2022,21491,48525902,545,11114903,344,5189640,46,7960914,18,4463218,118,997021,28,4612077,1,5898,22591,82869573
Boituva,2022,30978,73947365,939,21099630,364,27110855,179,143640827,51,6044019,179,1833645,21,5288735,6,99272,32717,279064348
Capela do Alto,2022,9491,18051522,231,2616365,223,6659507,29,3297916,20,2092613,69,2180714,24,2060478,0,0,10087,36959115
Cerquilho,2022,18295,37956600,1543,16233617,501,4607320,271,109282784,35,4937951,125,1752596,16,4351408,1,46600,20787,179168877
Cesário Lange,2022,7087,12598269,699,16068798,915,7137804,72,17955355,15,1385747,91,835858,30,3088879,1,61600,8890,59132311
Ibiúna,2022,18490,40913284,935,18571220,429,8252146,48,33000500,7,2724518,101,1465558,24,182285009,3,52298,20037,287264533
Iperó,2022,11885,25437836,242,8075781,151,1633337,68,34253361,5,2045485,136,14312987,34,3147860,0,0,12521,88906647
Itapetininga,2022,64322,131574092,2803,52071233,1591,27112090,197,314371340,2,9366085,405,7016886,71,17789976,11,157593,69402,559459295
Itu,2022,70486,193718633,3603,109880437,314,15475532,366,280787815,101,11551786,406,8097382,94,12088997,4,216220,75374,631816802
Jumirim,2022,1091,2096062,68,565044,226,4709887,31,17794511,7,278023,29,354201,8,351365,0,0,1460,26149094
Mairinque,2022,20625,46731872,537,8608785,88,1112406,65,76281114,8,3871604,108,1182918,37,3622508,1,33407,21469,141444614
Piedade,2022,19367,32870369,1792,13832065,5366,31020970,99,6938264,16,2087681,166,1258772,36,4192065,2,91271,26844,92291456
Pilar do Sul,2022,11592,19263024,985,9021802,1441,7841456,74,4330445,20,1753837,84,771135,27,1588164,2,34635,14225,44604499
Porto Feliz,2022,22477,68689598,1130,30244181,1245,17640899,106,131156382,52,4116787,209,3626749,33,4653280,4,145956,25256,260273832
Salto,2022,57322,139080765,2128,47016306,101,1945521,336,432621581,140,9986886,193,5725766,54,11862861,6,193209,60280,648432895
Salto de Pirapora,2022,20214,39961422,478,10698315,137,1475883,60,349451268,17,3693576,140,1491245,30,4094128,1,3338,21077,410869175
São Miguel Arcanjo,2022,10825,19571583,676,5796959,2166,11151248,52,2240312,30,2566976,127,824867,33,2262085,4,16950,13913,44430980
São Roque,2022,35749,86954969,1376,44467302,379,4538232,153,54906872,32,10898585,249,3716828,62,6354138,3,50716,38003,211887642
Sarapuí,2022,4779,8144701,190,1671442,493,4976089,20,6719831,1,1289434,49,310776,18,1149223,3,18732,5553,24280228
Sorocaba,2022,311366,740048109,13089,424373198,256,4987543,1192,923568768,327,49480796,1011,28780527,127,60150262,28,861139,327396,2232250342
Tapiraí,2022,3172,5134507,250,3741399,497,1370606,22,798750,4,646674,54,354545,15,596895,3,47712,4017,12691089
Tatuí,2022,51385,99948123,3831,64699563,1915,19457280,322,203916563,68,8158316,265,3693869,51,16355499,4,175800,57841,416405013
Tietê,2022,14930,31059668,1591,16971887,863,16816654,304,97197954,45,4333057,128,1326107,51,7193759,1,12612,17913,174911699
Votorantim,2022,51331,115651815,1821,41646902,25,220956,135,331946308,74,10449378,221,5230333,50,11281801,3,104299,53660,516531792
Americana,2022,110747,262773887,7120,134747058,17,182198,971,715904884,119,17067995,434,9668160,66,32519902,13,398638,119487,1173262722
Campinas,2022,478787,1160206648,33237,1124516753,720,13856006,1951,604361123,134,98691316,2115,124763246,189,27205542,45,9456266,517178,3163056900
Cosmópolis,2022,24492,51381891,961,12706744,109,2410889,84,78996570,18,4686925,160,1779793,9,5163094,1,29997,25834,157155903
Elias Fausto,2022,6392,15404117,229,4434632,320,4708146,65,61875845,3,1342411,83,843485,21,1500950,1,13228,7114,90122814
Holambra,2022,86,256603,1,2244,0,0,0,0,1,19852,2,2128,1,377629,0,0,91,658456
Hortolândia,2022,99402,221927462,3704,283705419,623,41118824,310,186656554,212,10912549,364,8542165,37,12688128,3,120802,104655,765671903
Indaiatuba,2022,109668,301033738,4846,164051995,563,9883936,870,427974494,360,27229683,472,11357025,80,42004072,12,408752,116871,983943695
Jaguariúna,2022,24857,64302546,1618,48977728,261,3784251,200,283764722,29,8814309,165,3290625,45,10021052,6,213094,27181,423168327
Monte Mor,2022,27850,60575309,713,15518077,296,6375347,112,94267674,27,5842957,128,1836022,33,4844627,3,51928,29162,189311941
Nova Odessa,2022,27753,63221010,1130,31290662,66,1064334,295,306661133,27,7444471,215,4253441,14,5587079,2,111031,29502,419633161
Paulínia,2022,45791,120897510,2320,145875068,78,1589017,218,1123725408,12,13243323,320,14400576,56,48530636,4,105617,48799,1468398155
Pedreira,2022,18042,43523997,1155,17997242,122,1601620,370,124445272,10,3539814,199,4649298,41,3130596,2,29093,19941,198916932
Alambari,2023,2677,4928375,101,1235107,117,1896886,17,1274100,9,746498,42,332071,18,429444,1,10324,2982,10852806
Alumínio,2023,5550,11818575,195,6062703,5,27684,16,4342136890,9,1355104,57,1090302,16,1100793,0,0,5848,4363592051
Araçariguama,2023,9220,21195114,360,22913058,27,176172,101,416603945,11,2017572,91,1773347,17,2109550,3,31770,9830,465832568
Araçoiaba da Serra,2023,21977,51565685,573,12753039,336,4142136,52,9130846,17,4396826,128,1123825,28,4657309,1,6918,23112,87776583
Boituva,2023,31716,78442820,1078,22122483,347,27289677,191,145135178,44,5881384,188,1965058,20,5113756,4,67191,33588,286017547
Capela do Alto,2023,9669,19462589,238,2587987,217,6218283,32,4003041,21,1814664,75,2289701,26,2903915,0,0,10278,39280179
Cerquilho,2023,18801,39958212,1576,15977400,505,4332076,240,110515397,42,4624000,125,1986444,17,4546264,1,50980,21307,181812775
Cesário Lange,2023,7333,13365957,708,16447475,924,6784169,63,25011029,15,1293824,96,852776,30,3058705,1,62400,9170,66876335
Ibiúna,2023,18804,42030048,953,18834223,432,7758599,49,33587025,7,2725488,106,1418628,24,127126773,1,37977,20376,234118760
Iperó,2023,12450,27543294,269,8207255,147,1478900,71,31366523,4,2109257,145,14415462,33,3053302,0,0,13119,88173994
Itapetininga,2023,65317,138262181,2948,54776895,1578,25253766,198,294403590,2,9394550,412,7309781,71,18641581,7,182764,70533,548225108
Itu,2023,71241,202236453,3878,114923196,311,14578542,405,267323163,110,11590712,408,8356046,99,14091367,3,96989,76455,633196467
Jumirim,2023,1084,2106293,65,503087,227,5207010,21,16587533,7,249807,31,383896,8,389688,0,0,1443,25433321
Mairinque,2023,20944,47658962,570,9312466,84,1085201,69,74853241,7,3865913,105,1239158,37,4304189,1,22544,21817,142341673
Piedade,2023,20009,34212175,1789,13922105,5383,29508566,90,6759182,16,2220831,170,1425603,37,3851751,2,102838,27496,92003051
Pilar do Sul,2023,11746,19544424,993,10476934,1423,7246467,69,5613055,20,1804033,87,831050,28,1606477,2,36582,14368,47159022
Porto Feliz,2023,23143,73480939,1250,32262770,1222,16301061,123,143049947,52,4022248,215,3994275,37,4732381,2,80370,26044,277923991
Salto,2023,59240,147775547,2286,50115276,99,2386880,358,419385106,152,10003313,227,5621804,57,12836501,2,154631,62421,648279058
Salto de Pirapora,2023,20960,42496593,513,10826041,130,1209229,59,347740552,18,3750133,143,1457679,30,5110440,1,3582,21854,412594249
São Miguel Arcanjo,2023,11101,20932290,676,5714060,2098,10916209,49,2146896,31,2585343,135,945948,34,2557240,1,15705,14125,45813690
São Roque,2023,36295,99387809,1477,46871030,374,4065467,171,54082319,27,11419405,266,3943053,65,8047290,3,83371,38678,217599764
Sarapuí,2023,4900,8654942,166,1616116,481,4696349,21,7434274,1,967979,53,333715,21,1273474,3,19129,5646,24995979
Sorocaba,2023,318969,776086932,14566,443137687,255,4953939,1282,896581913,319,48335291,1021,28423283,128,62049970,23,640380,336563,2260209394
Tapiraí,2023,3209,5256472,254,3591920,499,1410566,22,801835,3,635555,61,378281,15,665074,3,58330,4066,12798032
Tatuí,2023,53123,103584830,3820,57646315,1913,18591165,287,212427782,67,7870545,282,4095111,52,16292156,4,191120,59548,420699026
Tietê,2023,15079,31760039,1600,17440794,854,14752308,257,97786711,39,3965919,170,1574841,57,7039055,1,13565,18057,174333233
Votorantim,2023,51923,121843976,1841,43158600,26,205906,150,306416557,77,10408348,228,5265601,53,11347088,3,107311,54301,438754388
Americana,2023,112466,276230855,7399,138728882,16,169461,1017,725151705,124,14690740,461,10509687,66,34576100,12,336195,121561,1200393624
Campinas,2023,482214,1196294595,34509,1161501121,692,13089154,2059,588063159,139,98582785,2107,128217261,183,20100192,45,10220772,521948,3216063039
Cosmópolis,2023,24762,53551011,1027,13009090,103,954518,82,90640896,18,4714962,156,1812551,9,5108522,1,37775,26158,169829326
Elias Fausto,2023,6484,16110636,230,4689365,314,4332087,68,61587298,5,1389264,95,921431,21,1523766,1,10836,7218,90564684
Holambra,2023,87,242136,0,0,0,0,0,0,1,19907,2,4076,1,20830,0,0,91,286949
Hortolândia,2023,102558,240478748,3972,330328917,625,41500449,317,192137970,231,9091795,391,9976742,37,16063887,3,104102,108134,839862610
Indaiatuba,2023,111613,317724763,5274,171085919,547,8547650,935,427177482,337,28296451,471,11878148,69,38501550,10,441776,119256,1003653738
Jaguariúna,2023,25490,68712064,1642,51027169,242,3310356,206,280178371,27,8949482,161,3682922,45,10579064,6,196994,27819,426636422
Monte Mor,2023,28462,66572716,743,16274748,278,5087918,110,97774643,30,5710131,135,2015613,32,4925755,3,55116,29793,197416639
Nova Odessa,2023,28326,67324753,1224,32849953,64,1059786,301,291383282,38,8766830,177,2813777,14,5456774,1,94758,30145,409749914
Paulínia,2023,47656,129062696,2421,171163974,74,1292220,220,1035386523,11,10688018,401,15138016,55,49305843,4,97172,50842,1412483463
Pedreira,2023,18208,45626061,1148,18506091,126,1709743,369,121877756,10,3507906,199,5360065,41,2993174,2,29381,20103,198610178
Alambari,2024,2787,5395284,95,1175886,118,1715780,14,1329317,10,663192,44,363141,18,292979,1,11492,3087,10947071
Alumínio,2024,5562,11988602,196,7572816,5,28033,22,5129140151,10,1376813,62,1220745,17,1043049,0,0,5874,5152370209
Araçariguama,2024,9505,22581169,391,25197739,26,171035,105,458049252,14,2011939,91,1959315,18,2148913,4,41896,10154,512161259
Araçoiaba da Serra,2024,22458,54668522,617,12784901,330,4214423,55,11086859,18,4145362,158,1517171,29,4814890,1,9064,23666,93241192
Boituva,2024,32668,82322576,32668,27999876,334,28286350,183,150014450,45,6070098,240,2470655,26,5237893,6,74872,66170,302476770
Capela do Alto,2024,9855,20367918,239,2644776,212,6104447,28,5339189,21,1734485,76,2369353,26,3430587,0,0,10457,41990754
Cerquilho,2024,19272,41754046,1634,17304555,512,4896785,292,109546716,42,4824207,143,2220243,17,4794719,1,49833,21913,185391104
Cesário Lange,2024,7565,14309192,721,18741785,921,7051013,79,17673898,15,1276382,101,924651,29,3255136,2,62945,9433,63295002
Ibiúna,2024,19167,43956751,953,19728816,424,7674292,43,37424328,8,2722011,122,1600761,24,150303648,3,62307,20744,263472915
Iperó,2024,12861,29941543,277,9173235,147,1531331,72,34140686,4,2143297,152,13985662,32,3288645,0,0,13545,94204400
Itapetininga,2024,67522,146776674,2919,58101100,1573,32086100,180,331985969,9,9468377,416,7705692,73,19479204,11,191828,72703,605794945
Itu,2024,72513,213819599,4118,123728963,306,13354029,417,278577607,115,10422856,422,9519754,100,15231497,4,157284,77995,664811589
Jumirim,2024,1093,2266487,66,510180,227,5521778,39,15517238,7,261700,33,432134,8,443492,0,0,1473,24953010
Mairinque,2024,21358,49707799,585,9572372,82,1039366,61,76595351,5,3830013,103,1278343,39,4636339,1,21176,22234,146680759
Piedade,2024,20417,35383820,1834,15492432,5361,33337064,100,6961576,15,2209731,173,1508939,44,4173075,3,117438,27947,99184075
Pilar do Sul,2024,12012,20312946,1014,10075026,1420,7327473,73,5641597,20,1829506,88,918637,30,1524031,2,34643,14659,47663859
Porto Feliz,2024,23718,79815766,1280,39789638,1200,16969849,137,161155384,55,4045031,228,4684548,38,5195624,3,113572,26659,311769412
Salto,2024,60513,157845746,2385,56762286,98,3127977,340,438186185,158,10145437,232,2309624,59,12639373,5,168715,63790,681185342
Salto de Pirapora,2024,21665,45548506,538,11150538,127,1153537,63,370601106,24,3675163,144,1505223,34,4297415,1,5633,22596,437937120
São Miguel Arcanjo,2024,11437,22231993,654,5443256,2090,12134572,46,2260328,31,2561955,134,1005014,35,2664098,4,36538,14431,48337753
São Roque,2024,37146,92753753,1511,57310660,363,3824955,170,57595165,29,11214138,276,4068933,65,9540649,4,95732,39564,236403985
Sarapuí,2024,5011,9262503,162,1311953,468,5055887,21,8786056,1,962445,59,383803,21,1311430,3,21436,5746,27095513
Sorocaba,2024,326343,825847560,15287,490512495,257,5094131,1236,930186524,335,47733570,1027,28550875,124,66001868,29,745116,344638,2394672138
Tapiraí,2024,3273,5252056,256,3565538,484,1434967,21,770265,4,624094,61,420260,15,689650,3,59813,4117,12816643
Tatuí,2024,54260,108599843,3906,63414075,1919,18307392,372,228235739,65,7986128,287,4433960,57,17836313,4,203903,60870,449017353
Tietê,2024,15263,32992028,1652,18803500,861,15435642,321,118765784,39,3983050,175,1792018,59,7058772,2,26146,18372,198856941
Votorantim,2024,53153,129137113,53153,45507622,23,266570,131,299676664,80,10352052,236,5669982,59,12688431,5,120016,106840,503418451
Americana,2024,114187,298073888,7624,146136687,18,223639,971,732053108,126,13306399,547,12559868,62,36033963,13,363649,123548,1238751202
Campinas,2024,490729,1267769850,35845,1237972041,720,13663597,1851,609866012,127,96126513,2187,141811792,196,25888768,50,9814712,531705,3402913285
Cosmópolis,2024,24997,58019049,1042,13803973,102,1014399,77,98203121,20,2223959,162,2049473,9,5133427,1,38089,26410,180485489
Elias Fausto,2024,6686,17885659,246,5116548,311,4236483,77,68816837,5,1575016,93,932820,20,1552103,1,7553,7439,100123019
Holambra,2024,5408,18648021,776,14595922,409,33169007,27,3099059,54,2509882,100,1233256,8,1279981,2,6063,6784,74541191
Hortolândia,2024,100939,241412665,3354,366392311,29,298025,251,180857985,190,6253892,299,8366869,28,12462372,3,93544,105093,816137663
Indaiatuba,2024,114908,339082079,5740,191785503,539,9681952,937,437660416,368,27764978,494,13291146,77,40358872,12,617637,123075,1060242583
Jaguariúna,2024,26271,74481651,1702,53678384,251,3387243,172,297345129,29,8627080,175,3673806,49,11226061,8,246254,28657,452665608
Monte Mor,2024,29270,69989376,770,18454271,275,5610286,96,105188792,35,5792121,140,2143247,32,4602727,3,40997,30621,211821817
Nova Odessa,2024,29327,73043305,1318,37443783,58,1051265,299,292614623,39,7578596,188,4319105,15,6247667,2,110358,31246,422408702
Paulínia,2024,49344,143255543,2588,199953921,73,1454100,221,1141098396,14,7115983,637,17408343,57,51935685,4,96006,52938,1562317978
Pedreira,2024,18446,47889758,1155,20113090,122,1782347,320,130143102,9,3497421,204,5835245,42,3194793,2,30086,20300,212485843